INSERT INTO users (id, name, email, image, created_at, updated_at) VALUES ('user_1', 'Alex Smith', 'alexsmith@example.com', 'profile_img_a', '2025-10-06T11:04:03.485Z', '2025-10-06T11:04:03.485Z');
INSERT INTO users (id, name, email, image, created_at, updated_at) VALUES ('user_2', 'John Warrel', 'johnwarrel@example.com', 'profile_img_j', '2025-10-09T13:20:24.360Z', '2025-10-09T13:20:24.360Z');
INSERT INTO users (id, name, email, image, created_at, updated_at) VALUES ('user_3', 'Oliver Watts', 'oliverwatts@example.com', 'profile_img_o', '2025-09-01T04:31:22.043Z', '2025-09-26T09:03:37.866Z');
INSERT INTO workspaces (id, name, slug, description, settings, owner_id, image_url, created_at, updated_at) VALUES ('org_1', 'Corp Workspace', 'corp-workspace', NULL, '{}'::jsonb, 'user_3', 'workspace_img_default', '2025-10-13T06:55:44.423Z', '2025-10-13T07:17:36.890Z');
INSERT INTO workspace_members (id, user_id, workspace_id, role, message, created_at, updated_at) VALUES ('a7422a50-7dfb-4e34-989c-881481250f0e', 'user_1', 'org_1', 'ADMIN', '', '2025-10-06T11:04:03.485Z', '2025-10-06T11:04:03.485Z');
INSERT INTO workspace_members (id, user_id, workspace_id, role, message, created_at, updated_at) VALUES ('b325ed10-00d8-4e22-b94d-33a9994fd06b', 'user_2', 'org_1', 'ADMIN', '', '2025-10-09T13:20:24.360Z', '2025-10-09T13:20:24.360Z');
INSERT INTO workspace_members (id, user_id, workspace_id, role, message, created_at, updated_at) VALUES ('0f786ac0-62f7-493f-a5a0-787fd7c9c8b3', 'user_3', 'org_1', 'ADMIN', '', '2025-09-01T04:31:22.043Z', '2025-09-26T09:03:37.866Z');
INSERT INTO books (id, workspace_id, name, description, priority, status, type, start_date, end_date, team_lead, progress, created_at, updated_at) VALUES ('4d0f6ef3-e798-4d65-a864-00d9f8085c51', 'org_1', 'LaunchPad CRM', 'A next-gen CRM for startups to manage customer pipelines, analytics, and automation.', 'HIGH', 'ACTIVE', 'HYBRID', '2025-10-10T00:00:00.000Z', '2026-02-28T00:00:00.000Z', 'user_3', 65, '2025-10-13T08:01:35.491Z', '2025-10-13T08:01:45.620Z');
INSERT INTO book_members (id, user_id, book_id, created_at, updated_at) VALUES ('17dc3764-737f-4584-9b54-d1a3b401527d', 'user_1', '4d0f6ef3-e798-4d65-a864-00d9f8085c51', '2025-10-06T11:04:03.485Z', '2025-10-06T11:04:03.485Z');
INSERT INTO book_members (id, user_id, book_id, created_at, updated_at) VALUES ('774b0f38-7fd7-431a-b3bd-63262f036ca9', 'user_2', '4d0f6ef3-e798-4d65-a864-00d9f8085c51', '2025-10-09T13:20:24.360Z', '2025-10-09T13:20:24.360Z');
INSERT INTO book_members (id, user_id, book_id, created_at, updated_at) VALUES ('573354b2-6649-4c7e-b4cc-7c94c93df340', 'user_3', '4d0f6ef3-e798-4d65-a864-00d9f8085c51', '2025-09-01T04:31:22.043Z', '2025-09-26T09:03:37.866Z');
INSERT INTO publishing_stages (id, author_book_id, name, description, "order", created_at, updated_at) VALUES ('ps_1', '4d0f6ef3-e798-4d65-a864-00d9f8085c51', 'Manuscript Review', 'Initial review of the manuscript.', 1, '2025-10-13T08:01:35.491Z', '2025-10-13T08:01:45.620Z');
INSERT INTO publishing_stages (id, author_book_id, name, description, "order", created_at, updated_at) VALUES ('ps_2', '4d0f6ef3-e798-4d65-a864-00d9f8085c51', 'Editing', 'Copyediting, line editing, and proofreading.', 2, '2025-10-13T08:01:35.491Z', '2025-10-13T08:01:45.620Z');
INSERT INTO publishing_stages (id, author_book_id, name, description, "order", created_at, updated_at) VALUES ('ps_3', '4d0f6ef3-e798-4d65-a864-00d9f8085c51', 'Design', 'Cover design and interior layout.', 3, '2025-10-13T08:01:35.491Z', '2025-10-13T08:01:45.620Z');
INSERT INTO tasks (id, book_id, publishing_stage_id, title, description, status, type, priority, assignee_id, due_date, created_at, updated_at) VALUES ('24ca6d74-7d32-41db-a257-906a90bca8f4', '4d0f6ef3-e798-4d65-a864-00d9f8085c51', 'ps_3', 'Design Dashboard UI', 'Create a modern, responsive CRM dashboard layout.', 'IN_PROGRESS', 'FEATURE', 'HIGH', 'user_1', '2025-10-31T00:00:00.000Z', '2025-10-13T08:04:04.084Z', '2025-10-13T08:04:04.084Z');
INSERT INTO tasks (id, book_id, publishing_stage_id, title, description, status, type, priority, assignee_id, due_date, created_at, updated_at) VALUES ('9dbd5f04-5a29-4232-9e8c-a1d8e4c566df', '4d0f6ef3-e798-4d65-a864-00d9f8085c51', 'ps_1', 'Integrate Email API', 'Set up SendGrid integration for email campaigns.', 'TODO', 'TASK', 'MEDIUM', 'user_2', '2025-11-30T00:00:00.000Z', '2025-10-13T08:10:31.922Z', '2025-10-13T08:10:31.922Z');
INSERT INTO tasks (id, book_id, publishing_stage_id, title, description, status, type, priority, assignee_id, due_date, created_at, updated_at) VALUES ('0e6798ad-8a1d-4bca-b0cd-8199491dbf03', '4d0f6ef3-e798-4d65-a864-00d9f8085c51', 'ps_1', 'Fix Duplicate Contact Bug', 'Duplicate records appear when importing CSV files.', 'TODO', 'BUG', 'HIGH', 'user_1', '2025-12-05T00:00:00.000Z', '2025-10-13T08:11:33.779Z', '2025-10-13T08:11:33.779Z');
INSERT INTO tasks (id, book_id, publishing_stage_id, title, description, status, type, priority, assignee_id, due_date, created_at, updated_at) VALUES ('7989b4cc-1234-4816-a1d9-cc86cd09596a', '4d0f6ef3-e798-4d65-a864-00d9f8085c51', 'ps_2', 'Add Role-Based Access Control (RBAC)', 'Define user roles and permissions for the dashboard.', 'IN_PROGRESS', 'IMPROVEMENT', 'MEDIUM', 'user_2', '2025-12-20T00:00:00.000Z', '2025-10-13T08:12:35.146Z', '2025-10-13T08:12:35.146Z');
INSERT INTO royalties (id, author_book_id, share_percentage, earnings, created_at, updated_at) VALUES ('roy_1', '4d0f6ef3-e798-4d65-a864-00d9f8085c51', 50, 1500.75, '2025-10-13T08:01:35.491Z', '2025-10-13T08:01:45.620Z');
INSERT INTO royalties (id, author_book_id, share_percentage, earnings, created_at, updated_at) VALUES ('roy_2', '4d0f6ef3-e798-4d65-a864-00d9f8085c51', 50, 250.2, '2025-10-13T08:01:35.491Z', '2025-10-13T08:01:45.620Z');
INSERT INTO launch_plans (id, author_book_id, launch_date, status, marketing_budget, promotion_channels, notes, created_at, updated_at) VALUES ('lp_1', '4d0f6ef3-e798-4d65-a864-00d9f8085c51', '2026-03-15T00:00:00.000Z', 'PLANNED', 5000, ARRAY['Social Media', 'Email Marketing'], 'Focus on early bird promotions.', '2025-10-13T08:01:35.491Z', '2025-10-13T08:01:45.620Z');
INSERT INTO books (id, workspace_id, name, description, priority, status, type, start_date, end_date, team_lead, progress, created_at, updated_at) VALUES ('e5f0a667-e883-41c4-8c87-acb6494d6341', 'org_1', 'Brand Identity Overhaul', 'Rebranding client products with cohesive color palettes and typography systems.', 'MEDIUM', 'PLANNING', 'ASSISTED', '2025-10-18T00:00:00.000Z', '2026-03-10T00:00:00.000Z', 'user_3', 25, '2025-10-13T08:15:27.895Z', '2025-10-13T08:16:32.157Z');
INSERT INTO book_members (id, user_id, book_id, created_at, updated_at) VALUES ('32ad603e-c290-4f6e-860b-10212e1b080d', 'user_1', 'e5f0a667-e883-41c4-8c87-acb6494d6341', '2025-10-06T11:04:03.485Z', '2025-10-06T11:04:03.485Z');
INSERT INTO book_members (id, user_id, book_id, created_at, updated_at) VALUES ('10e8e546-ac59-474a-a3fc-768795810c65', 'user_2', 'e5f0a667-e883-41c4-8c87-acb6494d6341', '2025-10-09T13:20:24.360Z', '2025-10-09T13:20:24.360Z');
INSERT INTO book_members (id, user_id, book_id, created_at, updated_at) VALUES ('5a1f3c12-fcb2-40ef-91ee-dbd582219a8b', 'user_3', 'e5f0a667-e883-41c4-8c87-acb6494d6341', '2025-09-01T04:31:22.043Z', '2025-09-26T09:03:37.866Z');
INSERT INTO publishing_stages (id, author_book_id, name, description, "order", created_at, updated_at) VALUES ('ps_4', 'e5f0a667-e883-41c4-8c87-acb6494d6341', 'Marketing', 'Promotional activities and launch campaigns.', 4, '2025-10-13T08:15:27.895Z', '2025-10-13T08:16:32.157Z');
INSERT INTO publishing_stages (id, author_book_id, name, description, "order", created_at, updated_at) VALUES ('ps_5', 'e5f0a667-e883-41c4-8c87-acb6494d6341', 'Distribution', 'Getting the book to retailers.', 5, '2025-10-13T08:15:27.895Z', '2025-10-13T08:16:32.157Z');
INSERT INTO tasks (id, book_id, publishing_stage_id, title, description, status, type, priority, assignee_id, due_date, created_at, updated_at) VALUES ('a51bd102-6789-4e60-81ba-57768c63b7db', 'e5f0a667-e883-41c4-8c87-acb6494d6341', 'ps_4', 'Create New Logo Concepts', 'Sketch and finalize 3 logo concepts for client review.', 'IN_PROGRESS', 'FEATURE', 'MEDIUM', 'user_2', '2025-10-31T00:00:00.000Z', '2025-10-13T08:16:19.936Z', '2025-10-13T08:16:19.936Z');
INSERT INTO tasks (id, book_id, publishing_stage_id, title, description, status, type, priority, assignee_id, due_date, created_at, updated_at) VALUES ('c7cafc09-5138-4918-9277-5ab94b520410', 'e5f0a667-e883-41c4-8c87-acb6494d6341', 'ps_5', 'Update Typography System', 'Introduce new font hierarchy with responsive scaling.', 'TODO', 'IMPROVEMENT', 'MEDIUM', 'user_1', '2025-11-15T00:00:00.000Z', '2025-10-13T08:17:36.730Z', '2025-10-13T08:17:36.730Z');
INSERT INTO tasks (id, book_id, publishing_stage_id, title, description, status, type, priority, assignee_id, due_date, created_at, updated_at) VALUES ('53883b41-1912-460e-8501-43363ff3f5d4', 'e5f0a667-e883-41c4-8c87-acb6494d6341', 'ps_4', 'Client Feedback Integration', 'Implement client-requested adjustments to the brand guide.', 'TODO', 'TASK', 'LOW', 'user_2', '2025-10-31T00:00:00.000Z', '2025-10-13T08:18:16.611Z', '2025-10-13T08:18:16.611Z');
INSERT INTO launch_plans (id, author_book_id, launch_date, status, marketing_budget, promotion_channels, notes, created_at, updated_at) VALUES ('lp_2', 'e5f0a667-e883-41c4-8c87-acb6494d6341', '2026-04-01T00:00:00.000Z', 'IN_PROGRESS', 2000, ARRAY['Press Release', 'Author Website'], 'Coordinate with author for website updates.', '2025-10-13T08:15:27.895Z', '2025-10-13T08:16:32.157Z');
INSERT INTO workspaces (id, name, slug, description, settings, owner_id, image_url, created_at, updated_at) VALUES ('org_2', 'Cloud Ops Hub', 'cloud-ops-hub', NULL, '{}'::jsonb, 'user_3', 'workspace_img_default', '2025-10-13T08:19:36.035Z', '2025-10-13T08:19:36.035Z');
INSERT INTO workspace_members (id, user_id, workspace_id, role, message, created_at, updated_at) VALUES ('f5d37afc-c287-4bd8-a607-b50d20837234', 'user_3', 'org_2', 'ADMIN', '', '2025-09-01T04:31:22.043Z', '2025-09-26T09:03:37.866Z');
INSERT INTO workspace_members (id, user_id, workspace_id, role, message, created_at, updated_at) VALUES ('f5c04fe5-a0f5-4d34-bcf6-ea54dce1b546', 'user_1', 'org_2', 'ADMIN', '', '2025-10-06T11:04:03.485Z', '2025-10-06T11:04:03.485Z');
INSERT INTO workspace_members (id, user_id, workspace_id, role, message, created_at, updated_at) VALUES ('9b29463a-e828-4d4e-9d64-8e57a3ad1a90', 'user_2', 'org_2', 'ADMIN', '', '2025-10-09T13:20:24.360Z', '2025-10-09T13:20:24.360Z');
INSERT INTO books (id, workspace_id, name, description, priority, status, type, start_date, end_date, team_lead, progress, created_at, updated_at) VALUES ('c45e93ec-2f68-4f07-af4b-aa84f1bd407c', 'org_2', 'Kubernetes Migration', 'Migrate the monolithic app infrastructure to Kubernetes for scalability.', 'HIGH', 'ACTIVE', 'HYBRID', '2025-10-15T00:00:00.000Z', '2026-01-20T00:00:00.000Z', 'user_3', 0, '2025-10-13T09:04:30.225Z', '2025-10-13T09:04:30.225Z');
INSERT INTO book_members (id, user_id, book_id, created_at, updated_at) VALUES ('511552d5-eddd-4b12-a60d-fad0821682a7', 'user_3', 'c45e93ec-2f68-4f07-af4b-aa84f1bd407c', '2025-09-01T04:31:22.043Z', '2025-09-26T09:03:37.866Z');
INSERT INTO book_members (id, user_id, book_id, created_at, updated_at) VALUES ('79c364eb-eca5-4056-bea9-46c2f54efe4c', 'user_1', 'c45e93ec-2f68-4f07-af4b-aa84f1bd407c', '2025-10-06T11:04:03.485Z', '2025-10-06T11:04:03.485Z');
INSERT INTO book_members (id, user_id, book_id, created_at, updated_at) VALUES ('5fcbda36-d327-4615-bb38-d871a014fe52', 'user_2', 'c45e93ec-2f68-4f07-af4b-aa84f1bd407c', '2025-10-09T13:20:24.360Z', '2025-10-09T13:20:24.360Z');
INSERT INTO tasks (id, book_id, publishing_stage_id, title, description, status, type, priority, assignee_id, due_date, created_at, updated_at) VALUES ('fc8ac710-ad12-4508-b934-9d59dea01872', 'c45e93ec-2f68-4f07-af4b-aa84f1bd407c', NULL, 'Security Audit', 'Run container vulnerability scans and review IAM roles.', 'TODO', 'OTHER', 'MEDIUM', 'user_3', '2025-12-10T00:00:00.000Z', '2025-10-13T09:05:59.062Z', '2025-10-13T09:05:59.062Z');
INSERT INTO tasks (id, book_id, publishing_stage_id, title, description, status, type, priority, assignee_id, due_date, created_at, updated_at) VALUES ('1cd6f85d-889a-4a5b-901f-ed8fa221d62b', 'c45e93ec-2f68-4f07-af4b-aa84f1bd407c', NULL, 'Set Up EKS Cluster', 'Provision EKS cluster on AWS and configure nodes.', 'TODO', 'TASK', 'HIGH', 'user_1', '2025-12-15T00:00:00.000Z', '2025-10-13T09:04:58.859Z', '2025-10-13T09:04:58.859Z');
INSERT INTO tasks (id, book_id, publishing_stage_id, title, description, status, type, priority, assignee_id, due_date, created_at, updated_at) VALUES ('8125eeac-196d-4797-8b14-21260f46abcc', 'c45e93ec-2f68-4f07-af4b-aa84f1bd407c', NULL, 'Implement CI/CD with GitHub Actions', 'Add build, test, and deploy steps using GitHub Actions.', 'TODO', 'TASK', 'MEDIUM', 'user_2', '2025-10-31T00:00:00.000Z', '2025-10-13T09:05:25.518Z', '2025-10-13T09:05:25.518Z');
